역번호,역명,구분,카이제곱통계량,P값,자유도,지하철 기대 빈도,버스 기대 빈도,동일 여부
201,시청,승차,0.19212955026504264,0.9999999999999998,19,"[0.00664096 0.0101175  0.02335658 0.03598243 0.03180721 0.03174758
 0.03804386 0.04113816 0.04695435 0.05171147 0.06037262 0.06958207
 0.10342167 0.14558249 0.08134863 0.08115539 0.06019334 0.044946
 0.02530075 0.01059694]","[0.00654952 0.0099782  0.02303499 0.035487   0.03136927 0.03131046
 0.03752004 0.04057174 0.04630784 0.05099947 0.05954136 0.06862401
 0.10199768 0.143578   0.08022856 0.08003798 0.05936455 0.04432715
 0.02495239 0.01045103]",동일
201,시청,하차,0.20448186394159495,0.9999999999999997,19,"[0.01323395 0.02460761 0.06811826 0.173724   0.098816   0.08431507
 0.0588339  0.0486693  0.05064319 0.0473215  0.04741583 0.04748838
 0.05189475 0.05508121 0.03683437 0.02837569 0.02504107 0.02134704
 0.01246315 0.00577574]","[0.01302566 0.02422031 0.06704614 0.17098973 0.09726072 0.08298802
 0.05790791 0.04790329 0.04984611 0.0465767  0.04666955 0.04674095
 0.05107797 0.05421428 0.03625463 0.02792908 0.02464695 0.02101105
 0.01226699 0.00568483]",동일
202,을지로입구,승차,0.10275170903391653,1.0,19,"[0.00554607 0.00717818 0.01708221 0.02861902 0.02561987 0.02628727
 0.03314939 0.03735414 0.04544691 0.05195416 0.06255031 0.06924167
 0.09869852 0.14011004 0.08845373 0.09387563 0.0685669  0.05768408
 0.02974779 0.01283413]","[0.00546962 0.00707924 0.01684676 0.02822455 0.02526674 0.02592494
 0.03269247 0.03683927 0.04482049 0.05123805 0.06168814 0.06828728
 0.09733811 0.13817883 0.08723453 0.0925817  0.0676218  0.05688899
 0.02933776 0.01265723]",동일
202,을지로입구,하차,0.08864340757552994,1.0,19,"[0.01281814 0.02180817 0.06773479 0.14572828 0.09553693 0.08210871
 0.06468998 0.05544456 0.05545191 0.05140631 0.05106757 0.05208627
 0.05706498 0.05895453 0.0390119  0.02847197 0.02365111 0.01917573
 0.01160757 0.0061806 ]","[0.01261197 0.0214574  0.06664531 0.14338432 0.09400028 0.08078804
 0.06364948 0.05455276 0.05456    0.05057947 0.05024618 0.05124849
 0.05614712 0.05800628 0.03838442 0.02801402 0.0232707  0.0188673
 0.01142086 0.00608119]",동일
203,을지로3가,승차,0.12530848046125145,1.0,19,"[0.00466607 0.00860627 0.02075257 0.0313115  0.03118141 0.03445512
 0.0395008  0.04304907 0.04784888 0.05182943 0.05691265 0.0632785
 0.09267682 0.12612076 0.08072877 0.0790074  0.06880889 0.05958202
 0.03985793 0.01982514]","[0.0045594  0.00840952 0.02027815 0.0305957  0.03046858 0.03366745
 0.03859778 0.04206494 0.04675502 0.05064456 0.05561158 0.06183191
 0.09055815 0.12323754 0.07888325 0.07720123 0.06723586 0.05821993
 0.03894675 0.01937193]",동일
203,을지로3가,하차,0.11367238824324749,1.0,19,"[0.01197187 0.02271945 0.06679808 0.14625307 0.09043717 0.08141344
 0.05981185 0.05091088 0.05262522 0.0487355  0.04918711 0.05224761
 0.05870151 0.06194494 0.04373961 0.03297471 0.0269572  0.02209607
 0.01347787 0.00699684]","[0.01174699 0.02229268 0.06554334 0.14350583 0.08873839 0.07988416
 0.05868834 0.04995456 0.0516367  0.04782004 0.04826318 0.05126618
 0.05759885 0.06078135 0.042918   0.03235531 0.02645083 0.02168102
 0.0132247  0.00686541]",동일
204,을지로4가,승차,0.0857207023161725,1.0,19,"[0.00678624 0.01057165 0.02355249 0.03861936 0.03653755 0.0387362
 0.0444918  0.04925422 0.05537812 0.06097135 0.06871045 0.07939135
 0.11081462 0.12292861 0.07690765 0.06256256 0.04720975 0.03665905
 0.02099098 0.00892601]","[0.00670717 0.01044848 0.02327807 0.03816939 0.03611184 0.03828487
 0.04397341 0.04868034 0.05473289 0.06026095 0.06790988 0.07846633
 0.10952347 0.12149632 0.07601157 0.06183362 0.04665969 0.03623192
 0.0207464  0.00882201]",동일
204,을지로4가,하차,0.04426336418133442,1.0,19,"[0.01150303 0.0262176  0.06225603 0.13115346 0.08856456 0.08150916
 0.06596278 0.05922595 0.05988206 0.05599835 0.05274631 0.05161787
 0.05324045 0.05474595 0.0389601  0.03006671 0.02713415 0.02464816
 0.01662279 0.00794454]","[0.011338   0.02584145 0.06136282 0.12927177 0.0872939  0.08033972
 0.06501639 0.05837622 0.05902292 0.05519492 0.05198955 0.05087729
 0.05247659 0.05396049 0.03840113 0.02963534 0.02674484 0.02429453
 0.0163843  0.00783056]",동일
205,동대문역사문화공원(DDP),승차,0.0575288517320227,1.0,19,"[0.01741631 0.0146786  0.02852311 0.04413101 0.04093142 0.04041253
 0.04415574 0.0497047  0.05364037 0.05989341 0.06881706 0.07983207
 0.08670532 0.09227303 0.06855194 0.05978985 0.05553297 0.04682634
 0.03060745 0.01757677]","[0.01672609 0.01409688 0.02739271 0.04238206 0.03930928 0.03881095
 0.04240582 0.04773486 0.05151456 0.05751979 0.06608979 0.07666827
 0.08326912 0.08861618 0.06583518 0.05742034 0.05333216 0.04497057
 0.02939446 0.01688019]",동일
205,동대문역사문화공원(DDP),하차,0.02428619020505148,1.0,19,"[0.01083758 0.01752503 0.03626213 0.07117553 0.05794633 0.06216059
 0.05848699 0.0588154  0.06018749 0.06103842 0.06129925 0.06239373
 0.06711338 0.07537065 0.06324125 0.05116974 0.04611307 0.03994882
 0.02609642 0.01281817]","[0.01059175 0.01712751 0.03543961 0.06956106 0.05663194 0.06075061
 0.05716034 0.0574813  0.05882226 0.0596539  0.05990881 0.06097846
 0.06559106 0.07366103 0.06180676 0.05000906 0.04506709 0.03904267
 0.02550448 0.01252742]",동일
206,신당,승차,0.014588898283522438,1.0,19,"[0.01890938 0.02300383 0.05024345 0.08023723 0.06171167 0.05629905
 0.05085234 0.05467095 0.05533404 0.05728785 0.06096754 0.06624283
 0.06976225 0.07397375 0.05697073 0.04778715 0.04243695 0.03804135
 0.02359622 0.01167143]","[0.0183912  0.02237344 0.0488666  0.07803843 0.06002054 0.05475625
 0.0494588  0.05317276 0.05381769 0.05571795 0.0592968  0.06442753
 0.06785051 0.0719466  0.05540952 0.0464776  0.04127402 0.03699887
 0.0229496  0.01135159]",동일
206,신당,하차,0.038043262511411186,1.0,19,"[0.01063156 0.01837855 0.03432782 0.06437694 0.05310197 0.05059136
 0.0499276  0.05142066 0.05402626 0.05486937 0.05913889 0.064917
 0.07410365 0.09328092 0.07263922 0.05836454 0.04826501 0.04296464
 0.02968961 0.01498443]","[0.01038697 0.01795573 0.03353807 0.06289587 0.0518803  0.04942744
 0.04877896 0.05023767 0.05278332 0.05360704 0.05777833 0.06342351
 0.07239881 0.09113488 0.07096806 0.05702179 0.04715462 0.04197619
 0.02900656 0.01463969]",동일
207,상왕십리,승차,0.05241529902591108,1.0,19,"[0.01628515 0.02652608 0.06697079 0.10529465 0.07454913 0.06520858
 0.05320289 0.05284868 0.05161048 0.05022746 0.05226814 0.05501678
 0.06528912 0.07138477 0.0573157  0.04287775 0.03730853 0.03127391
 0.01800011 0.00654129]","[0.01604823 0.02614017 0.06599648 0.10376278 0.07346456 0.06425991
 0.05242887 0.05207981 0.05085963 0.04949673 0.05150773 0.05421638
 0.06433927 0.07034624 0.05648185 0.04225395 0.03676576 0.03081893
 0.01773823 0.00644612]",동일
207,상왕십리,하차,0.08477821233414161,1.0,19,"[0.01149656 0.01781945 0.03969153 0.07564886 0.05278044 0.04745615
 0.04148214 0.04368123 0.04556563 0.04752902 0.05328959 0.06068212
 0.07534056 0.10020749 0.07643244 0.06269304 0.05408595 0.04806537
 0.03077328 0.01527914]","[0.01129527 0.01750744 0.03899656 0.0743243  0.05185629 0.04662523
 0.04075582 0.0429164  0.04476781 0.04669682 0.05235653 0.05961963
 0.0740214  0.09845293 0.07509416 0.06159533 0.05313895 0.04722378
 0.03023446 0.01501161]",동일
208,왕십리(성동구청),승차,0.006825706347256263,1.0,19,"[0.0166039  0.01656355 0.04318777 0.07117869 0.05597639 0.04893216
 0.04544962 0.04765918 0.05010246 0.05146396 0.0564649  0.06534387
 0.06966183 0.07679077 0.05798879 0.05360881 0.05721049 0.05789989
 0.03672848 0.0211845 ]","[0.01601896 0.01598003 0.04166631 0.06867114 0.05400441 0.04720834
 0.04384848 0.0459802  0.0483374  0.04965094 0.05447571 0.06304188
 0.06720773 0.07408552 0.05594591 0.05172023 0.05519503 0.05586015
 0.03543458 0.0204382 ]",동일
208,왕십리(성동구청),하차,0.07607414972797241,1.0,19,"[0.01485724 0.0194438  0.03446439 0.06299386 0.05002391 0.04741312
 0.04550802 0.04832156 0.05313494 0.05444786 0.05875238 0.06714249
 0.08035235 0.10592311 0.07215853 0.05772154 0.04573388 0.03927361
 0.02700604 0.01532739]","[0.01445623 0.01891899 0.03353416 0.06129359 0.04867371 0.04613339
 0.04427971 0.04701731 0.05170077 0.05297825 0.05716659 0.06533024
 0.07818355 0.10306413 0.07021089 0.05616357 0.04449947 0.03821358
 0.02627711 0.01491369]",동일
209,한양대,승차,0.0824615403932988,1.0,19,"[0.00715105 0.01391693 0.02712411 0.04208714 0.03459468 0.03084244
 0.03805665 0.04493194 0.05123291 0.05856297 0.07086083 0.08955857
 0.10838475 0.10339017 0.07188503 0.06009889 0.05406333 0.04675166
 0.03385191 0.01265401]","[0.00705819 0.0137362  0.02677186 0.04154057 0.03414542 0.0304419
 0.03756242 0.04434843 0.05056757 0.05780244 0.06994058 0.08839551
 0.10697719 0.10204748 0.07095148 0.05931841 0.05336123 0.04614452
 0.03341229 0.01248968]",동일
209,한양대,하차,0.13006398663918045,1.0,19,"[0.01211533 0.02645089 0.04545692 0.12180164 0.10474246 0.09776438
 0.06004467 0.07355256 0.06258306 0.05583591 0.04683704 0.04532592
 0.055338   0.06457363 0.03837853 0.02778124 0.02309733 0.02024379
 0.0122282  0.00584848]","[0.01190978 0.02600213 0.04468569 0.11973514 0.10296539 0.0961057
 0.05902595 0.07230466 0.06152127 0.05488859 0.0460424  0.04455692
 0.05439913 0.06347807 0.0377274  0.0273099  0.02270546 0.01990034
 0.01202074 0.00574925]",동일
210,뚝섬,승차,0.03257856304410296,1.0,19,"[0.00805155 0.01212185 0.02441428 0.03608067 0.03206574 0.02827946
 0.02902756 0.03406683 0.04083954 0.0483866  0.05970087 0.07292732
 0.09495206 0.14214841 0.09528626 0.08336279 0.06653035 0.05101483
 0.02731499 0.01342805]","[0.00787782 0.0118603  0.0238875  0.03530216 0.03137386 0.02766928
 0.02840124 0.03333177 0.03995835 0.04734257 0.05841271 0.07135378
 0.09290329 0.13908129 0.09323028 0.08156408 0.06509483 0.04991409
 0.02672561 0.01313831]",동일
210,뚝섬,하차,0.06547019010436084,1.0,19,"[0.01242418 0.02656496 0.04847261 0.11969277 0.09409773 0.07569267
 0.06270441 0.05558701 0.05647534 0.05430141 0.05604228 0.05830701
 0.06381062 0.06931478 0.04777805 0.03368822 0.02512673 0.02079716
 0.01189234 0.00722971]","[0.01205362 0.02577266 0.04702692 0.11612293 0.09129126 0.07343514
 0.06083425 0.05392913 0.05479096 0.05268187 0.05437082 0.056568
 0.06190746 0.06724747 0.04635307 0.03268346 0.02437733 0.02017688
 0.01153765 0.00701409]",동일
211,성수,승차,0.2494285364367107,0.999999999999998,19,"[0.01749705 0.02130601 0.04047759 0.05603073 0.04412135 0.03429772
 0.03176939 0.03535583 0.039907   0.04398278 0.05110421 0.06084736
 0.08668695 0.13232258 0.08379364 0.07795448 0.0592022  0.04465998
 0.02549475 0.01318842]","[0.01706915 0.02078496 0.03948771 0.05466049 0.04304236 0.03345897
 0.03099246 0.0344912  0.03893107 0.04290718 0.04985444 0.05935933
 0.08456701 0.12908661 0.08174445 0.07604809 0.0577544  0.04356782
 0.02487127 0.01286589]",동일
211,성수,하차,0.18396950828228287,0.9999999999999999,19,"[0.01727557 0.02475554 0.0430235  0.1191416  0.08042535 0.06844451
 0.05302254 0.0481972  0.05075295 0.05163577 0.05523621 0.0582488
 0.06408175 0.07281871 0.05591216 0.04021832 0.03648754 0.03089418
 0.01920641 0.01022138]","[0.01675363 0.02400763 0.04172367 0.11554208 0.07799553 0.06637666
 0.05142062 0.04674106 0.0492196  0.05007575 0.05356741 0.05648898
 0.06214571 0.07061871 0.05422293 0.03900324 0.03538517 0.02996081
 0.01862614 0.00991257]",동일
212,건대입구,승차,0.021282220173551178,1.0,19,"[0.01656438 0.020964   0.04433456 0.06815072 0.05401145 0.0453052
 0.04091125 0.04303727 0.04670258 0.04861471 0.05391933 0.0605744
 0.06931217 0.08257129 0.06487411 0.06072695 0.05984344 0.05936179
 0.04133151 0.01888889]","[0.01603969 0.02029994 0.04293022 0.06599198 0.05230059 0.04387012
 0.03961535 0.04167403 0.04522323 0.0470748  0.05221139 0.05865565
 0.06711665 0.07995577 0.06281917 0.05880337 0.05794784 0.05748145
 0.04002229 0.01829057]",동일
212,건대입구,하차,0.0539580634194565,1.0,19,"[0.01099228 0.01716054 0.02738383 0.05754382 0.04616707 0.04371877
 0.04365827 0.04652488 0.05137785 0.05166944 0.05637294 0.06406118
 0.07911087 0.10374057 0.08321553 0.06522479 0.05680768 0.04857324
 0.03124965 0.0154468 ]","[0.01067275 0.01666171 0.02658783 0.05587111 0.04482507 0.04244793
 0.0423892  0.04517248 0.04988438 0.05016749 0.05473428 0.06219903
 0.07681124 0.10072501 0.08079659 0.06332881 0.05515638 0.04716129
 0.03034128 0.01499779]",동일
213,구의(광진구청),승차,0.04879879988470355,1.0,19,"[0.0203764  0.03101052 0.07303036 0.11168355 0.08097852 0.06540691
 0.05343812 0.05056161 0.04954181 0.04769018 0.05115694 0.06012582
 0.06055734 0.06859011 0.05033807 0.0402269  0.03317929 0.0280234
 0.01685162 0.00723252]","[0.02002551 0.0304765  0.07177274 0.1097603  0.07958403 0.06428057
 0.05251789 0.04969091 0.04868868 0.04686894 0.05027599 0.05909043
 0.05951451 0.06740895 0.04947122 0.03953418 0.03260792 0.02754083
 0.01656143 0.00710797]",동일
213,구의(광진구청),하차,0.0786918206801592,1.0,19,"[0.00920571 0.02266084 0.03316538 0.0632711  0.04258323 0.04112321
 0.03803547 0.04083096 0.04427422 0.04629473 0.05496481 0.06392647
 0.0767182  0.10494735 0.08594108 0.0684905  0.0604734  0.05255574
 0.03388599 0.01665165]","[0.00907143 0.0223303  0.03268162 0.0623482  0.04196209 0.04052337
 0.03748067 0.04023538 0.04362841 0.04561946 0.05416307 0.06299402
 0.07559916 0.10341655 0.0846875  0.06749147 0.05959131 0.05178914
 0.03339171 0.01640876]",동일
214,강변(동서울터미널),승차,0.05527326923249676,1.0,19,"[0.01214841 0.02610049 0.06549533 0.08695631 0.07029609 0.06359879
 0.05600585 0.05502981 0.05398454 0.05142203 0.05546112 0.06131412
 0.06492091 0.07033991 0.05773784 0.04770744 0.04126681 0.03359079
 0.01851877 0.00810465]","[0.01196815 0.0257132  0.06452349 0.08566603 0.06925302 0.0626551
 0.05517482 0.05421326 0.05318351 0.05065901 0.05463817 0.06040433
 0.0639576  0.06929619 0.05688111 0.04699955 0.04065448 0.03309236
 0.01824398 0.0079844 ]",동일
214,강변(동서울터미널),하차,0.0588860506597117,1.0,19,"[0.00989142 0.02363214 0.03641702 0.0577504  0.0472146  0.04535185
 0.04351546 0.04705557 0.05095725 0.05341579 0.06153876 0.06934342
 0.07908336 0.09581852 0.07695215 0.06184859 0.0520042  0.04624304
 0.02793696 0.01402948]","[0.00977291 0.023349   0.0359807  0.05705848 0.04664891 0.04480848
 0.0429941  0.04649179 0.05034672 0.05277581 0.06080145 0.06851261
 0.07813585 0.0946705  0.07603017 0.06110757 0.05138113 0.04568899
 0.02760225 0.01386139]",동일
215,잠실나루,승차,0.06743411056535774,1.0,19,"[0.01349795 0.02639115 0.06312781 0.08157319 0.06613024 0.05739341
 0.05180884 0.05206558 0.05205704 0.05191111 0.05751342 0.06982792
 0.07671549 0.07940493 0.05911239 0.04526539 0.03806698 0.03167618
 0.01900658 0.0074544 ]","[0.01335883 0.02611915 0.06247719 0.08073246 0.06544867 0.05680189
 0.05127488 0.05152897 0.05152052 0.05137609 0.05692066 0.06910824
 0.07592482 0.07858654 0.05850315 0.04479886 0.03767464 0.03134971
 0.01881069 0.00737757]",동일
215,잠실나루,하차,0.01684669044598549,1.0,19,"[0.01094773 0.02644584 0.05237645 0.08079954 0.05985325 0.05272449
 0.04542641 0.04868156 0.05138343 0.05075966 0.05556812 0.06117211
 0.0674161  0.08182004 0.06558753 0.05297777 0.04886265 0.0445064
 0.02783036 0.01486057]","[0.01081655 0.02612898 0.0517489  0.07983144 0.05913611 0.05209276
 0.04488212 0.04809828 0.05076778 0.05015147 0.05490232 0.06043917
 0.06660835 0.08083971 0.06480169 0.05234301 0.0482772  0.04397314
 0.02749691 0.01468251]",동일
216,잠실(송파구청),승차,0.01751533988777122,1.0,19,"[0.00928048 0.02037516 0.04707597 0.06574904 0.05173209 0.04274586
 0.04021715 0.04249145 0.04527637 0.04827652 0.05640408 0.06623421
 0.07820155 0.09451448 0.07203104 0.06824119 0.06132014 0.051067
 0.02682647 0.01193974]","[0.00914297 0.02007326 0.04637844 0.06477483 0.05096557 0.04211249
 0.03962125 0.04186184 0.0446055  0.0475612  0.05556833 0.06525281
 0.07704283 0.09311404 0.07096374 0.06723005 0.06041155 0.05031033
 0.02642898 0.01176283]",동일
216,잠실(송파구청),하차,0.047477158880374445,1.0,19,"[0.00847016 0.02073506 0.04542107 0.0778916  0.06500941 0.05424112
 0.05259648 0.05159985 0.05286502 0.05218424 0.05660109 0.0631549
 0.07329302 0.08785171 0.06580693 0.05192129 0.04485289 0.03974412
 0.02418974 0.0115703 ]","[0.00836144 0.02046891 0.04483807 0.07689181 0.06417498 0.0535449
 0.05192138 0.05093754 0.05218646 0.05151442 0.05587459 0.06234427
 0.07235226 0.08672409 0.06496226 0.05125486 0.04427718 0.03923398
 0.02387926 0.01142179]",동일
217,잠실새내,승차,0.06848134148809597,1.0,19,"[0.00932758 0.01741854 0.05169571 0.07547257 0.06135298 0.05320298
 0.04923458 0.05086571 0.05180764 0.04998803 0.05582378 0.06212514
 0.06711224 0.07311878 0.06029756 0.05428733 0.05213095 0.0527538
 0.03580399 0.01618013]","[0.00917876 0.01714063 0.05087093 0.07426844 0.06037412 0.05235415
 0.04844907 0.05005417 0.05098107 0.04919049 0.05493314 0.06113396
 0.06604149 0.07195221 0.05933554 0.0534212  0.05129923 0.05191213
 0.03523275 0.01592199]",동일
217,잠실새내,하차,0.04184423344848661,1.0,19,"[0.0070901  0.01269401 0.02676555 0.04655088 0.0491654  0.04233071
 0.04439171 0.04702178 0.05225008 0.05567416 0.06367221 0.0720697
 0.0847709  0.10615311 0.08088665 0.06267886 0.05314049 0.0510509
 0.02736698 0.01427582]","[0.00698785 0.01251094 0.02637954 0.04587952 0.04845633 0.04172021
 0.04375149 0.04634364 0.05149653 0.05487123 0.06275393 0.07103031
 0.08354833 0.10462217 0.07972011 0.0617749  0.0523741  0.05031464
 0.0269723  0.01406993]",동일
218,종합운동장,승차,0.0889871150827889,1.0,19,"[0.00756907 0.01744592 0.04827167 0.06635186 0.05357825 0.04342219
 0.0391389  0.0410817  0.04201159 0.04401324 0.0529616  0.0703969
 0.07712255 0.07191841 0.06055719 0.05431989 0.08156202 0.06985683
 0.03789238 0.02052785]","[0.00749667 0.01727905 0.04780995 0.06571721 0.05306578 0.04300686
 0.03876454 0.04068876 0.04160976 0.04359226 0.05245503 0.06972357
 0.07638488 0.07123052 0.05997796 0.05380033 0.08078188 0.06918865
 0.03752994 0.02033151]",동일
218,종합운동장,하차,0.05974435963307978,1.0,19,"[0.00831342 0.01946128 0.04685429 0.06922658 0.0454491  0.03922314
 0.03332783 0.04328771 0.05411346 0.04789598 0.05935495 0.07127832
 0.08967319 0.1125659  0.07727874 0.05552943 0.04497958 0.0469066
 0.02293644 0.01234406]","[0.00820697 0.01921207 0.04625432 0.06834013 0.04486712 0.03872088
 0.03290106 0.04273341 0.05342054 0.04728267 0.0585949  0.0703656
 0.08852492 0.11112449 0.07628918 0.05481837 0.04440362 0.04630596
 0.02264273 0.01218599]",동일
219,삼성(무역센터),승차,0.19440541585800045,0.9999999999999998,19,"[0.0065298  0.01160512 0.0259708  0.04435533 0.03410358 0.02553851
 0.02878122 0.03444864 0.04210696 0.04847422 0.05929551 0.07229565
 0.10641915 0.14119938 0.09068234 0.08074603 0.06316564 0.05062087
 0.02255099 0.01111024]","[0.00644338 0.01145155 0.02562711 0.04376835 0.03365227 0.02520054
 0.02840034 0.03399276 0.04154973 0.04783273 0.05851082 0.07133891
 0.10501084 0.1393308  0.08948229 0.07967747 0.06232973 0.04995098
 0.02225256 0.01096321]",동일
219,삼성(무역센터),하차,0.1335056725575105,1.0,19,"[0.01458381 0.02465978 0.06808843 0.14521732 0.11334017 0.08048564
 0.06309924 0.05169308 0.0532162  0.0492453  0.04829867 0.04906261
 0.05294731 0.05824018 0.03874226 0.02690358 0.02329013 0.0217935
 0.01095626 0.00613653]","[0.0143637  0.0242876  0.06706081 0.14302563 0.11162959 0.07927091
 0.06214691 0.0509129  0.05241304 0.04850207 0.04756972 0.04832214
 0.0521482  0.05736119 0.03815755 0.02649754 0.02293863 0.02146458
 0.0107909  0.00604392]",동일
220,선릉,승차,0.3375706358901036,0.9999999999999654,19,"[0.00721737 0.01687871 0.04568872 0.07693151 0.05616255 0.03477162
 0.03457162 0.03817566 0.0426504  0.04571706 0.05288063 0.06207745
 0.08415685 0.11445359 0.07862978 0.06789807 0.05494618 0.04519232
 0.02568078 0.01531915]","[0.00693567 0.01621993 0.04390548 0.07392885 0.05397051 0.03341448
 0.03322228 0.03668566 0.04098574 0.04393271 0.05081668 0.05965455
 0.08087219 0.10998644 0.07556084 0.06524799 0.05280161 0.04342845
 0.02467845 0.01472124]",동일
220,선릉,하차,0.10101950038148605,1.0,19,"[0.01676631 0.02898216 0.06702526 0.14407193 0.12193987 0.08449524
 0.06100255 0.0481204  0.04855438 0.04296224 0.04128654 0.04133974
 0.051927   0.06022267 0.04098949 0.02807665 0.02423468 0.02297695
 0.01526106 0.00976486]","[0.01602137 0.02769446 0.06404729 0.13767074 0.11652201 0.08074107
 0.05829217 0.04598239 0.04639709 0.04105341 0.03945215 0.03950299
 0.04961986 0.05754695 0.03916831 0.02682918 0.02315792 0.02195607
 0.01458301 0.00933101]",동일
221,역삼,승차,0.21068174331405354,0.9999999999999996,19,"[0.00711191 0.01378931 0.02976179 0.04544108 0.03726838 0.03100541
 0.03271606 0.03691156 0.04219605 0.04577889 0.05455083 0.06447673
 0.1061147  0.13323933 0.09439758 0.07495407 0.06174723 0.04713822
 0.02767676 0.01372412]","[0.00697025 0.01351463 0.02916894 0.04453591 0.03652601 0.03038779
 0.03206436 0.0361763  0.04135552 0.04486699 0.05346419 0.06319237
 0.10400092 0.13058524 0.09251721 0.07346101 0.06051724 0.04619924
 0.02712545 0.01345074]",동일
221,역삼,하차,0.22884036713903574,0.9999999999999991,19,"[0.0133661  0.02322682 0.06541131 0.13901998 0.12362406 0.08687411
 0.06276464 0.04728214 0.04611852 0.04137284 0.04160522 0.04288558
 0.05082133 0.06028529 0.0430448  0.03150016 0.02833157 0.02692472
 0.01653257 0.00900826]","[0.01309305 0.02275233 0.06407507 0.13618005 0.12109864 0.08509942
 0.06148247 0.04631625 0.0451764  0.04052767 0.0407553  0.0420095
 0.04978314 0.05905376 0.04216547 0.03085667 0.0277528  0.0263747
 0.01619484 0.00882424]",동일
222,강남,승차,0.08443636884366504,1.0,19,"[0.00639836 0.01231158 0.02831408 0.04108991 0.03541383 0.03069418
 0.03324746 0.04005541 0.04652291 0.04940894 0.05710003 0.06533765
 0.08533346 0.10316942 0.07948777 0.07205406 0.074539   0.07102144
 0.04461459 0.02388591]","[0.00620382 0.01193725 0.02745319 0.03984058 0.03433707 0.02976093
 0.03223658 0.03883753 0.04510839 0.04790667 0.05536391 0.06335106
 0.08273891 0.10003256 0.07707095 0.06986326 0.07227265 0.06886204
 0.04325809 0.02315966]",동일
222,강남,하차,0.0645934594044024,1.0,19,"[0.01092868 0.01953699 0.04708302 0.08630437 0.09546866 0.06849771
 0.05993707 0.05165076 0.05421583 0.05118721 0.05276317 0.05696211
 0.0706126  0.08904516 0.05931288 0.04109076 0.03251499 0.02689623
 0.0169982  0.0089936 ]","[0.01070748 0.01914155 0.04613003 0.08455751 0.09353631 0.06711127
 0.0587239  0.05060532 0.05311846 0.05015114 0.05169521 0.05580916
 0.06918336 0.08724282 0.05811235 0.04025906 0.03185687 0.02635184
 0.01665414 0.00881156]",동일
223,교대(법원.검찰청),승차,0.09292481615360365,1.0,19,"[0.00823972 0.01795043 0.04108906 0.05658448 0.04698926 0.03902466
 0.03945269 0.04282849 0.04992972 0.0542469  0.05912636 0.06394669
 0.08650664 0.10870312 0.07032507 0.06508332 0.05643436 0.04970793
 0.0291369  0.01469421]","[0.00805382 0.01754543 0.04016201 0.05530782 0.04592909 0.03814418
 0.03856256 0.04186219 0.0488032  0.05302299 0.05779235 0.06250392
 0.08455488 0.10625056 0.06873839 0.06361491 0.05516109 0.04858642
 0.02847952 0.01436268]",동일
223,교대(법원.검찰청),하차,0.08076416855015782,1.0,19,"[0.01699427 0.02272496 0.04507488 0.09753374 0.09038794 0.06795038
 0.06117189 0.05158411 0.05312055 0.05059659 0.05185108 0.05571826
 0.06653978 0.07773922 0.05477274 0.03968191 0.03464621 0.03234598
 0.02027839 0.00928712]","[0.01665624 0.02227295 0.04417831 0.09559373 0.08859005 0.0665988
 0.05995514 0.05055806 0.05206394 0.04959019 0.05081972 0.05460999
 0.06521625 0.07619293 0.05368327 0.03889261 0.03395707 0.03170259
 0.01987504 0.00910239]",동일
224,서초,승차,0.03461577736003632,1.0,19,"[0.00681367 0.0145681  0.03248334 0.04924333 0.04516935 0.03821941
 0.04399415 0.04509575 0.05423442 0.0551605  0.06555411 0.07258151
 0.09081841 0.11080361 0.07653764 0.06813799 0.05515996 0.04376419
 0.0224208  0.00923976]","[0.006771   0.01447685 0.03227988 0.04893489 0.04488643 0.03798002
 0.04371859 0.04481329 0.05389472 0.054815   0.0651435  0.07212689
 0.09024956 0.11010958 0.07605824 0.0677112  0.05481446 0.04349007
 0.02228036 0.00918188]",동일
224,서초,하차,0.12252166849175451,1.0,19,"[0.01466241 0.02803342 0.06105637 0.11538673 0.10243372 0.07861175
 0.06809222 0.05308585 0.05352529 0.04975935 0.04959821 0.0549863
 0.05689693 0.0611594  0.04534089 0.032365   0.02854888 0.02636124
 0.01419408 0.00590196]","[0.01454875 0.0278161  0.06058306 0.11449224 0.10163964 0.07800234
 0.06756436 0.05267432 0.05311035 0.04937361 0.04921372 0.05456004
 0.05645586 0.06068528 0.0449894  0.0321141  0.02832757 0.02615689
 0.01408404 0.0058562 ]",동일
225,방배,승차,0.06605852508630362,1.0,19,"[0.0086988  0.02008627 0.05145226 0.07429687 0.064091   0.05104456
 0.04826358 0.04908571 0.05176359 0.05442434 0.06172256 0.07505598
 0.07875798 0.098299   0.0580226  0.05093004 0.04125522 0.03382847
 0.01895797 0.00996318]","[0.00849605 0.01961811 0.05025303 0.07256519 0.0625972  0.04985484
 0.04713867 0.04794164 0.05055711 0.05315584 0.06028395 0.07330661
 0.07692232 0.09600789 0.05667023 0.04974298 0.04029367 0.03304002
 0.01851611 0.00973097]",동일
225,방배,하차,0.041023720328752844,1.0,19,"[0.00956385 0.02157787 0.05196399 0.11143769 0.08149018 0.06364313
 0.05104022 0.04757365 0.04865987 0.04851946 0.05168379 0.05601494
 0.0644789  0.07694127 0.05947906 0.04475675 0.03962178 0.03816578
 0.0222191  0.01116868]","[0.00936818 0.02113639 0.05090081 0.10915769 0.07982291 0.062341
 0.04999594 0.0466003  0.0476643  0.04752676 0.05062635 0.05486888
 0.06315967 0.07536707 0.05826213 0.04384104 0.03881113 0.03738492
 0.0217645  0.01094017]",동일
226,사당,승차,0.0525082368151676,1.0,19,"[0.01631366 0.02672283 0.06526256 0.08817378 0.07123771 0.05564363
 0.04852199 0.04749486 0.04828835 0.04891925 0.05060603 0.05410566
 0.06119536 0.07208261 0.05547264 0.05126408 0.0489324  0.04587782
 0.03062908 0.0132557 ]","[0.01595587 0.02613675 0.06383123 0.08623997 0.06967534 0.05442326
 0.04745781 0.04645321 0.0472293  0.04784636 0.04949615 0.05291902
 0.05985323 0.0705017  0.05425602 0.05013976 0.04785922 0.04487163
 0.02995733 0.01296497]",동일
226,사당,하차,0.04260899996976708,1.0,19,"[0.01141108 0.02374071 0.04006987 0.06182844 0.04891773 0.04166946
 0.0422552  0.04337207 0.04434406 0.04425648 0.05150923 0.06203622
 0.07897229 0.10242917 0.08299799 0.0647462  0.0568468  0.05141317
 0.03284204 0.01434179]","[0.01123366 0.02337159 0.03944687 0.06086714 0.04815717 0.04102159
 0.04159822 0.04269773 0.0436546  0.04356839 0.05070837 0.0610717
 0.07774444 0.10083663 0.08170756 0.06373954 0.05596296 0.0506138
 0.03233142 0.01411881]",동일
227,낙성대(강감찬),승차,0.043524333308027005,1.0,19,"[0.01850673 0.0292623  0.07531677 0.10513527 0.08369267 0.06642267
 0.05484567 0.05350641 0.05338576 0.04977603 0.0534303  0.05867716
 0.05846043 0.06249402 0.04580858 0.04103876 0.03610463 0.02950594
 0.01807047 0.00655941]","[0.0182263  0.02881889 0.07417549 0.10354215 0.08242447 0.06541617
 0.05401459 0.05269563 0.0525768  0.04902177 0.05262067 0.05778802
 0.05757458 0.06154705 0.04511444 0.0404169  0.03555754 0.02905883
 0.01779664 0.00646001]",동일
227,낙성대(강감찬),하차,0.05908357565157316,1.0,19,"[0.00782876 0.0139026  0.03016614 0.05805019 0.04703915 0.0424314
 0.03990668 0.04018931 0.04258084 0.04316802 0.05071977 0.05710635
 0.06931158 0.09811381 0.09069388 0.07351013 0.06828208 0.06467237
 0.04317104 0.01915591]","[0.00767946 0.01363748 0.02959088 0.0569432  0.04614214 0.04162225
 0.03914568 0.03942292 0.04176885 0.04234482 0.04975257 0.05601736
 0.06798984 0.09624282 0.08896439 0.07210833 0.06697997 0.06343909
 0.04234778 0.01879062]",동일
228,서울대입구(관악구청),승차,0.043634500069539256,1.0,19,"[0.02228603 0.02528388 0.06560647 0.08714704 0.07163151 0.05748569
 0.04918159 0.04866196 0.05100657 0.04956121 0.05323743 0.05773244
 0.06439512 0.070811   0.05414859 0.04927609 0.04544308 0.0415232
 0.02512655 0.01045454]","[0.02185079 0.02479009 0.06432519 0.08544507 0.07023256 0.05636301
 0.04822109 0.0477116  0.05001042 0.04859329 0.05219771 0.05660493
 0.0631375  0.06942808 0.05309108 0.04831374 0.04455558 0.04071226
 0.02463584 0.01025037]",동일
228,서울대입구(관악구청),하차,0.05113245951485564,1.0,19,"[0.0103172  0.01301498 0.02264916 0.0481303  0.0451919  0.04473041
 0.04097618 0.04257427 0.0462027  0.04796522 0.05431668 0.06289575
 0.07622203 0.1028428  0.09003301 0.07074606 0.06471099 0.05896034
 0.03838777 0.01913224]","[0.01011477 0.01275963 0.02220478 0.04718598 0.04430522 0.04385279
 0.04017221 0.04173896 0.04529619 0.04702413 0.05325098 0.06166172
 0.07472654 0.100825   0.08826654 0.06935801 0.06344135 0.05780353
 0.0376346  0.01875686]",동일
229,봉천,승차,0.06611451899551396,1.0,19,"[0.02144862 0.03225899 0.08557405 0.11741283 0.0884575  0.07055316
 0.05649204 0.05401617 0.05277852 0.04974002 0.0501216  0.05494203
 0.05684157 0.0591108  0.0419233  0.03512209 0.02978862 0.02511906
 0.01355422 0.00474481]","[0.02120946 0.03189929 0.08461987 0.11610364 0.08747117 0.06976647
 0.05586214 0.05341387 0.05219002 0.0491854  0.04956273 0.05432941
 0.05620777 0.0584517  0.04145584 0.03473047 0.02945647 0.02483898
 0.01340308 0.00469191]",동일
229,봉천,하차,0.130030777883139,1.0,19,"[0.00917049 0.01591104 0.03401859 0.05951135 0.04443712 0.04006848
 0.03932421 0.0408716  0.04423166 0.04623001 0.05445715 0.06211981
 0.07482982 0.1014287  0.08863934 0.06982375 0.06397925 0.05679837
 0.03683376 0.01731549]","[0.00905185 0.0157052  0.03357849 0.05874144 0.04386222 0.0395501
 0.03881546 0.04034283 0.04365942 0.04563192 0.05375262 0.06131614
 0.07386173 0.10011648 0.08749259 0.06892042 0.06315153 0.05606355
 0.03635723 0.01709147]",동일
230,신림,승차,0.09802915227008129,1.0,19,"[0.02229614 0.03136982 0.07663917 0.10769356 0.08125536 0.06433838
 0.05123371 0.04872468 0.04740151 0.04612706 0.04739747 0.05130346
 0.05603069 0.06406197 0.05149095 0.04285294 0.04035039 0.03784393
 0.02324977 0.00833903]","[0.02200586 0.0309614  0.07564138 0.10629147 0.08019747 0.06350074
 0.05056669 0.04809032 0.04678437 0.04552652 0.04678039 0.05063552
 0.05530121 0.06322793 0.05082057 0.04229502 0.03982506 0.03735123
 0.02294707 0.00823046]",동일
230,신림,하차,0.21678190057991015,0.9999999999999994,19,"[0.011649   0.02044392 0.03944256 0.05812646 0.04448039 0.0366388
 0.03652552 0.0393241  0.04235749 0.04321395 0.05050621 0.05911553
 0.07200543 0.0999574  0.09076617 0.07202771 0.06670593 0.05814256
 0.03994812 0.01862276]","[0.01149465 0.02017304 0.03891994 0.05735628 0.04389102 0.03615333
 0.03604155 0.03880305 0.04179625 0.04264136 0.04983699 0.05833224
 0.07105134 0.09863295 0.08956351 0.07107333 0.06582207 0.05737216
 0.0394188  0.018376  ]",동일
231,신대방,승차,0.06513798895019189,1.0,19,"[0.02959852 0.03529767 0.08982443 0.12262298 0.09181858 0.07095417
 0.05650918 0.05204402 0.04949175 0.04580931 0.04735818 0.05201281
 0.05577739 0.06017559 0.04286165 0.03327961 0.0267654  0.02162123
 0.01133475 0.00484278]","[0.02899131 0.03457355 0.08798171 0.1201074  0.08993494 0.06949856
 0.0553499  0.05097635 0.04847644 0.04486954 0.04638664 0.05094578
 0.05463313 0.0589411  0.04198235 0.03259689 0.02621632 0.02117768
 0.01110222 0.00474343]",동일
231,신대방,하차,0.12911770003344,1.0,19,"[0.01025148 0.01666036 0.0329117  0.05770465 0.03896654 0.03539893
 0.03398071 0.03666568 0.0404072  0.04288947 0.05265178 0.06103721
 0.07741431 0.10319683 0.09336793 0.07331705 0.07108432 0.06240244
 0.04038657 0.01930485]","[0.01008873 0.01639588 0.03238923 0.05678858 0.03834794 0.03483697
 0.03344126 0.03608362 0.03976574 0.0422086  0.05181593 0.06006825
 0.07618536 0.10155857 0.09188571 0.07215314 0.06995586 0.0614118
 0.03974543 0.01899838]",동일
232,구로디지털단지,승차,0.021931795889233413,1.0,19,"[0.02269738 0.02701132 0.06690555 0.08666529 0.0632363  0.04958987
 0.04186787 0.04142708 0.04158113 0.04059298 0.04466862 0.05305901
 0.07394872 0.10489129 0.07129388 0.05753211 0.04557322 0.03672303
 0.02162309 0.00911228]","[0.02236288 0.02661323 0.06591952 0.08538806 0.06230435 0.04885903
 0.04125084 0.04081655 0.04096832 0.03999474 0.04401031 0.05227705
 0.07285889 0.10334545 0.07024318 0.05668422 0.04490158 0.03618182
 0.02130442 0.00897798]",동일
232,구로디지털단지,하차,0.08352389307010244,1.0,19,"[0.0138116  0.02139867 0.05812002 0.11726976 0.07859247 0.05639062
 0.04251727 0.03782405 0.0401493  0.03865745 0.04338395 0.05005358
 0.06323041 0.08280074 0.06950922 0.05293832 0.04889905 0.04314926
 0.02795472 0.01334951]","[0.01363915 0.0211315  0.05739436 0.11580558 0.0776112  0.05568655
 0.04198642 0.03735179 0.03964802 0.03817479 0.04284227 0.04942863
 0.06244094 0.08176693 0.06864136 0.05227736 0.04828852 0.04261052
 0.02760569 0.01318284]",동일
233,대림(구로구청),승차,0.10475842577892808,1.0,19,"[0.03351873 0.02418599 0.05757637 0.08281039 0.06889672 0.06104386
 0.05546127 0.05301731 0.05342867 0.0533158  0.05717556 0.06217491
 0.07160799 0.07625178 0.05414834 0.04455653 0.03713588 0.03056929
 0.01667417 0.00645044]","[0.03276443 0.02364171 0.05628068 0.08094684 0.06734628 0.05967014
 0.05421318 0.05182422 0.05222632 0.05211599 0.05588889 0.06077573
 0.06999654 0.07453583 0.05292979 0.04355384 0.03630019 0.02988137
 0.01629893 0.00630528]",동일
233,대림(구로구청),하차,0.13361153523518743,1.0,19,"[0.01389481 0.02060799 0.0451602  0.07877459 0.0601837  0.05941607
 0.05700996 0.05162426 0.05242185 0.05039472 0.05460839 0.06112013
 0.07310803 0.07855314 0.06001585 0.0487399  0.05090798 0.04468873
 0.02608776 0.01268192]","[0.01355331 0.0201015  0.04405028 0.07683852 0.05870455 0.05795578
 0.0556088  0.05035547 0.05113346 0.04915615 0.05326626 0.05961795
 0.07131122 0.07662251 0.05854082 0.047542   0.0496568  0.0435904
 0.02544659 0.01237023]",동일
234,신도림,승차,0.055553782338543245,1.0,19,"[0.02008171 0.02316281 0.06201154 0.07657406 0.057927   0.04466969
 0.03989131 0.04291595 0.04585239 0.04782192 0.05386578 0.0600254
 0.06965378 0.08297233 0.06593567 0.05789955 0.05563387 0.04754114
 0.03169311 0.01387099]","[0.01982512 0.02286684 0.06121918 0.07559563 0.05718683 0.04409892
 0.0393816  0.04236759 0.04526651 0.04721087 0.05317751 0.05925841
 0.06876377 0.08191214 0.06509317 0.05715974 0.054923   0.04693367
 0.03128815 0.01369375]",동일
234,신도림,하차,0.13434603363794403,1.0,19,"[0.01818054 0.02423807 0.05090088 0.08039718 0.05612794 0.05113076
 0.04592038 0.04782042 0.04846611 0.04682558 0.05145332 0.0584504
 0.07260244 0.0948747  0.06998804 0.05376588 0.04646815 0.03903043
 0.02829178 0.01506701]","[0.01788193 0.02383998 0.05006487 0.07907672 0.05520608 0.05029098
 0.04516617 0.04703501 0.0476701  0.0460565  0.05060824 0.0574904
 0.07141    0.09331646 0.06883854 0.05288281 0.04570495 0.03838938
 0.02782711 0.01481954]",동일
235,문래,승차,0.023414052787647438,1.0,19,"[0.01092417 0.01738401 0.05035972 0.07254776 0.05043929 0.03976964
 0.0362708  0.04047237 0.04284011 0.04599125 0.05341601 0.06221509
 0.08450542 0.12549708 0.07016736 0.06763286 0.05320278 0.04217449
 0.02438643 0.00980335]","[0.01076974 0.01713826 0.04964782 0.07152221 0.04972627 0.03920744
 0.03575807 0.03990024 0.04223451 0.04534111 0.0526609  0.0613356
 0.08331082 0.12372302 0.06917546 0.06667678 0.05245069 0.0415783
 0.0240417  0.00966476]",동일
235,문래,하차,0.05814452504340851,1.0,19,"[0.01408449 0.01914341 0.05117277 0.13356439 0.08105416 0.06709086
 0.05143059 0.04731544 0.04926796 0.04734246 0.04883464 0.05236431
 0.06353782 0.08195254 0.05790043 0.04367718 0.03601792 0.02871235
 0.01746737 0.00806891]","[0.01383707 0.01880712 0.05027384 0.13121811 0.0796303  0.0659123
 0.05052713 0.04648426 0.04840248 0.04651081 0.04797678 0.05144444
 0.06242167 0.0805129  0.05688331 0.04290992 0.0353852  0.02820797
 0.01716053 0.00792716]",동일
237,당산,승차,0.03023869110617755,1.0,19,"[0.01265234 0.02184895 0.05911281 0.08411119 0.06028329 0.0484491
 0.04446892 0.0440311  0.04429164 0.04459294 0.04957403 0.05671071
 0.0852849  0.1035718  0.06462327 0.05704808 0.04743795 0.03959274
 0.02282558 0.00948865]","[0.01255711 0.0216845  0.0586679  0.08347812 0.05982956 0.04808445
 0.04413422 0.0436997  0.04395828 0.04425731 0.04920091 0.05628388
 0.084643   0.10279226 0.06413689 0.05661871 0.04708091 0.03929474
 0.02265378 0.00941723]",동일
237,당산,하차,0.08035940170199513,1.0,19,"[0.01388497 0.02317488 0.06153123 0.11505041 0.06583698 0.04906421
 0.03806621 0.03781337 0.04060444 0.03928463 0.04419299 0.05138835
 0.06723379 0.09135035 0.06859954 0.05679163 0.05025082 0.04357151
 0.02916922 0.01314044]","[0.01371885 0.02289762 0.06079508 0.11367396 0.06504932 0.04847721
 0.0376108  0.03736098 0.04011865 0.03881463 0.04366427 0.05077355
 0.06642942 0.09025745 0.06777883 0.05611218 0.04964962 0.04305023
 0.02882025 0.01298323]",동일
238,합정,승차,0.06726369090419244,1.0,19,"[0.01267787 0.02016207 0.04998385 0.06193336 0.04905156 0.04041152
 0.03883919 0.04248831 0.04571864 0.0477976  0.05258034 0.06040651
 0.07353772 0.09774008 0.07215156 0.06435053 0.06170801 0.05612373
 0.03573778 0.01659978]","[0.01243429 0.01977469 0.0490235  0.06074342 0.04810912 0.03963509
 0.03809297 0.04167197 0.04484024 0.04687926 0.0515701  0.05924591
 0.07212483 0.09586219 0.0707653  0.06311415 0.0605224  0.05504542
 0.03505115 0.01628085]",동일
238,합정,하차,0.028974360080377768,1.0,19,"[0.00775531 0.01522488 0.036424   0.08095805 0.07025013 0.05459417
 0.05146479 0.05071969 0.05463214 0.0525893  0.05639391 0.06316503
 0.07373566 0.09183913 0.07216813 0.05249464 0.04294205 0.03650119
 0.02427303 0.01187479]","[0.00765709 0.01503206 0.03596271 0.07993275 0.06936044 0.05390276
 0.05081301 0.05007735 0.05394024 0.05192328 0.05567971 0.06236508
 0.07280184 0.09067603 0.07125415 0.05182982 0.0423982  0.03603892
 0.02396562 0.0117244 ]",동일
239,홍대입구,승차,0.06076201599590729,1.0,19,"[0.01430764 0.01781574 0.03827134 0.04729465 0.03818057 0.034623
 0.03544889 0.03944036 0.04413729 0.04706457 0.05549838 0.06667808
 0.07596437 0.08767341 0.07445995 0.06973295 0.07329033 0.07274405
 0.04670677 0.02066765]","[0.01401488 0.01745119 0.03748824 0.04632691 0.03739933 0.03391455
 0.03472354 0.03863333 0.04323416 0.04610154 0.05436278 0.06531372
 0.07441    0.08587945 0.07293636 0.06830608 0.07179067 0.07125556
 0.04575106 0.02024475]",동일
239,홍대입구,하차,0.061137491240992776,1.0,19,"[0.00679326 0.01355612 0.03151643 0.05649286 0.05581601 0.04985747
 0.05282494 0.05701126 0.0631194  0.06189476 0.0664123  0.0721005
 0.07858971 0.09021805 0.071865   0.05314944 0.04443969 0.03712635
 0.0246964  0.01252006]","[0.00670229 0.01337459 0.03109439 0.05573635 0.05506857 0.04918981
 0.05211755 0.05624781 0.06227415 0.06106591 0.06552296 0.07113498
 0.0775373  0.08900991 0.07090263 0.05243771 0.04384458 0.03662918
 0.02436568 0.0123524 ]",동일
240,신촌,승차,0.04099891947586293,1.0,19,"[0.01060562 0.01642606 0.03793442 0.05230983 0.0422326  0.04047952
 0.04177737 0.04885084 0.05331049 0.05606442 0.06385771 0.07498123
 0.0794905  0.0827831  0.06696702 0.06185952 0.06042863 0.05932084
 0.0342726  0.01604769]","[0.01039879 0.01610572 0.03719461 0.05128967 0.04140897 0.03969008
 0.04096261 0.04789814 0.05227082 0.05497103 0.06261234 0.07351892
 0.07794026 0.08116865 0.06566102 0.06065312 0.05925014 0.05816395
 0.0336042  0.01573472]",동일
240,신촌,하차,0.04504582805541835,1.0,19,"[0.00874443 0.01754296 0.04353796 0.0681762  0.0677366  0.05790893
 0.05699474 0.05694266 0.06080068 0.05702192 0.05937178 0.06398751
 0.0721612  0.08558881 0.06476257 0.04901526 0.04092182 0.03466705
 0.02265564 0.01146129]","[0.00862243 0.01729822 0.04293056 0.06722507 0.0667916  0.05710104
 0.0561996  0.05614825 0.05995244 0.0562264  0.05854348 0.06309482
 0.07115448 0.08439475 0.06385906 0.04833145 0.04035092 0.03418341
 0.02233957 0.01130139]",동일
241,이대,승차,0.03448987888597499,1.0,19,"[0.01294576 0.0227977  0.0596727  0.07903248 0.05861551 0.05080973
 0.04793798 0.05451058 0.05556683 0.05541082 0.06346682 0.06784336
 0.0789409  0.07649485 0.05791529 0.04823685 0.04376021 0.03728059
 0.02000661 0.00875442]","[0.01276497 0.02247933 0.05883937 0.07792878 0.05779694 0.05010017
 0.04726852 0.05374933 0.05479083 0.054637   0.06258049 0.06689591
 0.07783848 0.07542658 0.0571065  0.04756322 0.04314909 0.03675996
 0.01972722 0.00863217]",동일
241,이대,하차,0.04768207930167258,1.0,19,"[0.0082115  0.01486739 0.03156787 0.0661529  0.0645309  0.06039149
 0.05195737 0.05429473 0.0558994  0.05264533 0.05786143 0.06282217
 0.07156006 0.08744354 0.066817   0.05425847 0.04897616 0.044875
 0.03051433 0.01435297]","[0.00810209 0.01466931 0.03114727 0.0652715  0.06367111 0.05958685
 0.0512651  0.05357133 0.05515462 0.0519439  0.0570905  0.06198515
 0.07060661 0.08627847 0.06592675 0.05353554 0.04832361 0.0442771
 0.03010777 0.01416174]",동일
242,아현,승차,0.035223001436305496,1.0,19,"[0.01567406 0.02591095 0.06960113 0.10049462 0.07146142 0.06105143
 0.05211073 0.05267887 0.05258343 0.05068942 0.05511379 0.06560217
 0.06800278 0.07399699 0.05122248 0.04284892 0.03732633 0.03045341
 0.01648907 0.00668802]","[0.01551073 0.02564095 0.06887586 0.09944744 0.07071677 0.06041526
 0.05156772 0.05212994 0.0520355  0.05016122 0.05453949 0.06491857
 0.06729417 0.07322592 0.05068872 0.04240242 0.03693738 0.03013608
 0.01631725 0.00661833]",동일
242,아현,하차,0.03477952999307356,1.0,19,"[0.00911582 0.01740148 0.03880079 0.06869885 0.05051383 0.04700643
 0.04125972 0.04468364 0.04769344 0.04990096 0.056199   0.06372031
 0.07578858 0.09678463 0.07531532 0.0620309  0.05671776 0.0506004
 0.03291179 0.01485636]","[0.009012   0.01720329 0.03835888 0.06791643 0.04993851 0.04647106
 0.04078981 0.04417473 0.04715025 0.04933262 0.05555894 0.06299459
 0.0749254  0.09568233 0.07445753 0.06132442 0.05607179 0.0500241
 0.03253695 0.01468716]",동일
243,충정로(경기대입구),승차,0.06730780352509216,1.0,19,"[0.0145037  0.02522071 0.05741536 0.08450159 0.06513547 0.05573216
 0.05019264 0.04801674 0.05090898 0.04961251 0.05027082 0.0572135
 0.08086272 0.1114098  0.05717876 0.05200273 0.03640278 0.02823004
 0.01679174 0.00839726]","[0.01433242 0.02492287 0.05673734 0.0835037  0.06436628 0.05507401
 0.0495999  0.0474497  0.05030779 0.04902663 0.04967717 0.05653786
 0.0799078  0.11009415 0.05650353 0.05138862 0.0359729  0.02789667
 0.01659344 0.0082981 ]",동일
243,충정로(경기대입구),하차,0.0871777302481414,1.0,19,"[0.01098504 0.01929119 0.05441447 0.12306831 0.07059832 0.06117088
 0.04471418 0.04112311 0.04578029 0.04546241 0.04925947 0.05584415
 0.06495758 0.07871189 0.05915269 0.04930689 0.04601992 0.04140267
 0.02666853 0.01206799]","[0.01078998 0.01894864 0.05344824 0.12088301 0.06934472 0.06008468
 0.0439202  0.04039289 0.04496737 0.04465514 0.04838478 0.05485253
 0.06380413 0.07731422 0.05810232 0.04843136 0.04520275 0.04066749
 0.02619498 0.0118537 ]",동일
244,용답,승차,0.050472207973720845,1.0,19,"[0.02341416 0.02940969 0.07214861 0.10712607 0.07318736 0.06558276
 0.05337117 0.05541112 0.05495726 0.05265115 0.05570295 0.0635997
 0.06578696 0.06421825 0.04855716 0.0366228  0.03088609 0.02580011
 0.01450103 0.00706558]","[0.02297523 0.02885837 0.07079612 0.10511789 0.07181539 0.06435334
 0.05237068 0.05437238 0.05392704 0.05166415 0.05465875 0.06240746
 0.06455372 0.06301441 0.04764691 0.03593627 0.0303071  0.02531647
 0.0142292  0.00693313]",동일
244,용답,하차,0.06961667502762606,1.0,19,"[0.01077759 0.01697448 0.0328784  0.05959352 0.0511802  0.04303484
 0.04056287 0.04320634 0.04764664 0.04691387 0.05455351 0.06527333
 0.07439765 0.10093452 0.07751444 0.06444332 0.06015636 0.0534861
 0.03709008 0.01938193]","[0.01060125 0.01669674 0.03234044 0.05861844 0.05034278 0.0423307
 0.03989917 0.04249939 0.04686704 0.04614626 0.0536609  0.06420532
 0.07318034 0.09928301 0.07624614 0.06338889 0.05917207 0.05261096
 0.03648321 0.0190648 ]",동일
245,신답,승차,0.13693336415895332,1.0,19,"[0.02263396 0.03096783 0.08497813 0.13684403 0.08558769 0.07573186
 0.05418833 0.05209134 0.05061504 0.04729257 0.04994966 0.05801884
 0.05582351 0.05683748 0.03992826 0.03148971 0.02632606 0.02275608
 0.01200086 0.00593876]","[0.02223666 0.03042425 0.08348651 0.13444199 0.08408536 0.07440253
 0.05323716 0.05117698 0.04972659 0.04646244 0.04907289 0.05700043
 0.05484363 0.05583981 0.0392274  0.03093696 0.02586396 0.02235664
 0.01179021 0.00583452]",동일
245,신답,하차,0.17896922672692347,0.9999999999999999,19,"[0.01153475 0.01660109 0.03400098 0.05584511 0.03917206 0.0355219
 0.03365597 0.03790157 0.04164969 0.04340526 0.05187834 0.0640348
 0.07730701 0.12153011 0.09454017 0.07294204 0.06481851 0.0512486
 0.03626432 0.01614772]","[0.01136306 0.016354   0.03349491 0.0550139  0.03858901 0.03499318
 0.03315503 0.03733744 0.04102977 0.04275921 0.05110617 0.06308169
 0.07615635 0.11972124 0.09313301 0.07185636 0.06385373 0.0504858
 0.03572456 0.01590738]",동일
246,신설동,승차,0.0603667550080684,1.0,19,"[0.0165706  0.02086962 0.05148088 0.07387975 0.05369327 0.05043878
 0.05002734 0.05544808 0.05939185 0.06282749 0.06781877 0.07335471
 0.08270642 0.0888993  0.05670244 0.04541048 0.0360563  0.02935536
 0.0173934  0.00767516]","[0.01622048 0.02042867 0.05039315 0.07231876 0.0525588  0.04937306
 0.04897033 0.05427653 0.05813697 0.06150002 0.06638584 0.07180481
 0.08095893 0.08702097 0.05550438 0.04445101 0.03529448 0.02873512
 0.0170259  0.007513  ]",동일
246,신설동,하차,0.04862967793346537,1.0,19,"[0.01017117 0.01876707 0.04178837 0.08657939 0.06418911 0.06535991
 0.05839208 0.0587612  0.06184236 0.05732206 0.05951969 0.05950204
 0.06375276 0.07365726 0.0587376  0.04685995 0.04040695 0.03670217
 0.02423234 0.01345651]","[0.00998457 0.01842276 0.04102171 0.08499099 0.06301149 0.06416081
 0.05732081 0.05768315 0.06070779 0.05627042 0.05842773 0.05841041
 0.06258314 0.07230594 0.05765999 0.04600025 0.03966564 0.03602883
 0.02378777 0.01320963]",동일
247,도림천,승차,0.07290618842321361,1.0,19,"[0.01019983 0.02261431 0.06164565 0.07275737 0.05552432 0.05076475
 0.04431886 0.05267118 0.04668366 0.05450048 0.0597116  0.07157911
 0.08043359 0.09729808 0.06222725 0.05180724 0.04234638 0.03545051
 0.01956676 0.00789908]","[0.01010858 0.02241201 0.06109419 0.0721065  0.05502761 0.05031062
 0.04392239 0.0522     0.04626604 0.05401294 0.05917744 0.07093878
 0.07971406 0.09642767 0.06167059 0.05134379 0.04196756 0.03513338
 0.01939172 0.00782842]",동일
247,도림천,하차,0.01721389448443139,1.0,19,"[0.01427696 0.02340339 0.06808857 0.10701848 0.06459106 0.05608722
 0.04187873 0.04729718 0.04535523 0.04923149 0.05060786 0.05741815
 0.06375294 0.07778901 0.06403269 0.05001254 0.04394147 0.03724126
 0.0257818  0.01219398]","[0.01406444 0.02305501 0.067075   0.10542539 0.06362955 0.0552523
 0.04125531 0.04659311 0.04468007 0.04849863 0.04985451 0.05656341
 0.06280391 0.07663104 0.06307949 0.04926805 0.04328735 0.03668688
 0.02539801 0.01201246]",동일
248,양천구청,승차,0.15976002834968495,1.0,19,"[0.02208961 0.0390826  0.10055374 0.10402228 0.08218252 0.06311819
 0.05295063 0.05319073 0.04936541 0.04597973 0.04911469 0.05679638
 0.06032122 0.05954597 0.04171912 0.0349835  0.03315454 0.0322657
 0.01399573 0.0055677 ]","[0.02174239 0.03846827 0.09897317 0.10238719 0.08089072 0.06212606
 0.05211831 0.05235465 0.04858945 0.04525699 0.04834267 0.05590361
 0.05937305 0.05860999 0.04106335 0.03443361 0.0326334  0.03175853
 0.01377573 0.00548019]",동일
248,양천구청,하차,0.15849059148529765,1.0,19,"[0.01345891 0.018144   0.03746193 0.05672049 0.04847704 0.04017964
 0.0358299  0.04183756 0.04654774 0.04565988 0.05325057 0.06273947
 0.07909702 0.10366251 0.08997505 0.06717843 0.0604087  0.04796139
 0.03492589 0.01648388]","[0.01324721 0.01785861 0.03687269 0.05582832 0.04771454 0.03954765
 0.03526633 0.04117949 0.04581558 0.04494168 0.05241298 0.06175263
 0.07785289 0.10203198 0.08855982 0.06612176 0.05945852 0.047207
 0.03437653 0.0162246 ]",동일
249,신정네거리,승차,0.13666694202107496,1.0,19,"[0.02261709 0.03843201 0.10191528 0.10737811 0.08160164 0.06390617
 0.05276416 0.05318963 0.05079939 0.04761576 0.04967118 0.05482122
 0.05619538 0.06220834 0.04587011 0.03490013 0.03075121 0.02638232
 0.01361536 0.00536552]","[0.02224155 0.03779387 0.10022304 0.10559517 0.0802467  0.06284505
 0.05188805 0.05230645 0.0499559  0.04682514 0.04884642 0.05391095
 0.0552623  0.06117541 0.04510847 0.03432064 0.0302406  0.02594426
 0.01338928 0.00527643]",동일
249,신정네거리,하차,0.16764923315304495,1.0,19,"[0.00890292 0.01741497 0.03818386 0.05914822 0.04182253 0.03636659
 0.03644042 0.03996238 0.043256   0.044855   0.05505338 0.0658746
 0.07905857 0.10975231 0.09166408 0.07010248 0.06119155 0.05097233
 0.03388678 0.01609104]","[0.00878274 0.01717989 0.03766842 0.05834978 0.04125797 0.03587567
 0.03594851 0.03942293 0.04267208 0.0442495  0.05431021 0.06498536
 0.07799136 0.10827076 0.09042671 0.06915616 0.06036553 0.05028425
 0.03342934 0.01587383]",동일
250,용두(동대문구청),승차,0.04158098084740975,1.0,19,"[0.01785708 0.02234158 0.05584473 0.08836028 0.06350099 0.06163351
 0.05421748 0.05576489 0.05771849 0.0587683  0.06356225 0.06878769
 0.07127036 0.07797779 0.05435958 0.04371917 0.03392197 0.02713192
 0.01581388 0.00744805]","[0.0175191  0.02191872 0.05478776 0.08668788 0.0622991  0.06046697
 0.0531913  0.05470942 0.05662604 0.05765598 0.0623592  0.06748574
 0.06992142 0.0765019  0.05333071 0.04289169 0.03327993 0.02661839
 0.01551456 0.00730708]",동일
250,용두(동대문구청),하차,0.03957852678520142,1.0,19,"[0.00987876 0.01791484 0.0397775  0.07103373 0.05322655 0.05396723
 0.05085087 0.05177076 0.05788395 0.05731575 0.06312195 0.06535852
 0.07079903 0.09035697 0.06806017 0.05415514 0.04720895 0.03786028
 0.02575189 0.01370716]","[0.00970175 0.01759384 0.03906475 0.06976093 0.05227282 0.05300023
 0.04993971 0.05084312 0.05684678 0.05628876 0.06199092 0.06418741
 0.06953044 0.08873793 0.06684066 0.05318477 0.04636304 0.03718189
 0.02529046 0.01346155]",동일
